/*
Navicat MySQL Data Transfer

Source Server         : localhost
Source Server Version : 50720
Source Host           : localhost:3306
Source Database       : order

Target Server Type    : MYSQL
Target Server Version : 50720
File Encoding         : 65001

Date: 2018-05-08 02:22:11
*/

SET FOREIGN_KEY_CHECKS=0;

-- ----------------------------
-- Table structure for business
-- ----------------------------
DROP TABLE IF EXISTS `business`;
CREATE TABLE `business` (
  `id` int(11) NOT NULL AUTO_INCREMENT,
  `name` varchar(255) DEFAULT NULL COMMENT '商家名称',
  `contact` varchar(255) DEFAULT NULL COMMENT '联系人',
  `telephone` varchar(255) DEFAULT NULL COMMENT '联系方式',
  `address` varchar(255) DEFAULT NULL COMMENT '地址',
  `date` varchar(255) DEFAULT NULL COMMENT '入驻日期',
  `picture` varchar(255) DEFAULT NULL COMMENT '商家图片',
  PRIMARY KEY (`id`)
) ENGINE=InnoDB AUTO_INCREMENT=21 DEFAULT CHARSET=utf8;

-- ----------------------------
-- Records of business
-- ----------------------------
INSERT INTO `business` VALUES ('1', '小厨美食', '鹿云', '15556461563', '嘉应学院西门', '2018-04-22 11:47:30', '/pic/1.jpg');
INSERT INTO `business` VALUES ('2', '顺园饭店', '李明', '13025687150', '嘉应学院西校门', '2018-05-05 11:47:30', '/pic/2.jpg');
INSERT INTO `business` VALUES ('3', '重庆鸡公煲', '刘学习', '15121354897', '嘉应学院嘉园路', '2018-05-05 13:05:00', '/pic/3.jpg');
INSERT INTO `business` VALUES ('4', '家乐福', '林少聪', '15521973510', '嘉应学院西校门', '2018-05-05 13:08:55', '/pic/4.jpg');
INSERT INTO `business` VALUES ('5', '好来饭店', '周扬', '15536532551', '嘉应学院嘉园路', '2018-05-05 13:09:40', '/pic/5.jpg');
INSERT INTO `business` VALUES ('6', '正新鸡排', '刘鹏伟', '15524854653', '嘉应学院西门', '2018-05-05 13:10:23', '/pic/6.jpg');
INSERT INTO `business` VALUES ('7', '三味舒屋', '张明志', '18832461545', '嘉应学院西门', '2018-05-05 13:11:50', '/pic/7.jpg');
INSERT INTO `business` VALUES ('8', '新品味', '盖伦', '18846554886', '嘉应学院嘉园路', '2018-05-05 13:12:26', '/pic/8.jpg');
INSERT INTO `business` VALUES ('9', '奇珍异堡', '亚索', '15924545521', '嘉应学院西门', '2018-05-05 13:13:06', '/pic/9.jpg');
INSERT INTO `business` VALUES ('10', '张姐脆皮鸡', '张姐', '15535465486', '嘉应学院西门', '2018-05-05 14:05:18', '/pic/10.jpg');
INSERT INTO `business` VALUES ('11', '文记饭店', '旭平洲', '18856463524', '嘉应学院西门', '2018-05-05 14:06:00', '/pic/11.jpg');
INSERT INTO `business` VALUES ('12', '悦来饭店', '胡全青', '18855463352', '嘉应学院西门', '2018-05-05 14:06:32', '/pic/12.jpg');
INSERT INTO `business` VALUES ('13', '十二点快餐', '谢宗清', '15955462134', '嘉应学院西门', '2018-05-05 14:07:28', '/pic/13.jpg');
INSERT INTO `business` VALUES ('14', '黄焖鸡米饭', '黄胜利', '18825466874', '嘉应学院西门', '2018-05-05 14:25:06', '/pic/14.jpg');
INSERT INTO `business` VALUES ('15', '家常便饭', '李大友', '18855446225', '嘉应学院西门', '2018-05-05 14:25:39', '/pic/15.jpg');
INSERT INTO `business` VALUES ('16', '沙县小吃', '张三', '15564862551', '嘉应学院西门', '2018-05-05 14:26:08', '/pic/16.jpg');
INSERT INTO `business` VALUES ('17', '亚三', '奥恩', '18851455687', '嘉应学院西门', '2018-05-05 14:26:35', '/pic/17.jpg');
INSERT INTO `business` VALUES ('18', '月美饭店', '赵信', '15148756144', '嘉应学院西门', '2018-05-05 14:27:12', '/pic/18.jpg');
INSERT INTO `business` VALUES ('19', '福建名饺', '嘉文', '13015547895', '嘉应学院西门', '2018-05-05 14:27:49', '/pic/19.jpg');
INSERT INTO `business` VALUES ('20', '化隆牛肉面', '华龙', '15521545782', '嘉应学院西门', '2018-05-05 14:28:18', '/pic/20.jpg');

-- ----------------------------
-- Table structure for cart
-- ----------------------------
DROP TABLE IF EXISTS `cart`;
CREATE TABLE `cart` (
  `id` int(11) NOT NULL AUTO_INCREMENT,
  `user_id` int(11) DEFAULT NULL,
  `business_id` int(11) DEFAULT NULL,
  `goods` varchar(1000) DEFAULT NULL COMMENT 'json数组格式，[{goodsId："xx",goodsNumber:"xx"},{}]',
  `date` varchar(255) DEFAULT NULL,
  PRIMARY KEY (`id`),
  KEY `user_id` (`user_id`),
  KEY `business_id` (`business_id`),
  CONSTRAINT `cart_ibfk_1` FOREIGN KEY (`user_id`) REFERENCES `user` (`id`),
  CONSTRAINT `cart_ibfk_2` FOREIGN KEY (`business_id`) REFERENCES `business` (`id`)
) ENGINE=InnoDB AUTO_INCREMENT=14 DEFAULT CHARSET=utf8;

-- ----------------------------
-- Records of cart
-- ----------------------------
INSERT INTO `cart` VALUES ('5', '2', '8', '[{\"goodsId\":95,\"goodsNumber\":1},{\"goodsId\":94,\"goodsNumber\":1},{\"goodsId\":96,\"goodsNumber\":2}]', '2018-05-07 18:28:12');
INSERT INTO `cart` VALUES ('6', '2', '8', '[{\"goodsId\":95,\"goodsNumber\":1},{\"goodsId\":94,\"goodsNumber\":1},{\"goodsId\":96,\"goodsNumber\":2}]', '2018-05-07 18:28:52');
INSERT INTO `cart` VALUES ('7', '2', '3', '[{\"goodsId\":34,\"goodsNumber\":3},{\"goodsId\":38,\"goodsNumber\":3},{\"goodsId\":31,\"goodsNumber\":1},{\"goodsId\":32,\"goodsNumber\":1}]', '2018-05-07 18:30:08');
INSERT INTO `cart` VALUES ('8', '2', '15', '[{\"goodsId\":184,\"goodsNumber\":2},{\"goodsId\":183,\"goodsNumber\":1},{\"goodsId\":182,\"goodsNumber\":1}]', '2018-05-07 18:34:35');
INSERT INTO `cart` VALUES ('9', '2', '8', '[{\"goodsId\":95,\"goodsNumber\":2},{\"goodsId\":96,\"goodsNumber\":3}]', '2018-05-07 19:32:41');
INSERT INTO `cart` VALUES ('10', '2', '1', '[{\"goodsId\":17,\"goodsNumber\":5}]', '2018-05-07 19:34:08');
INSERT INTO `cart` VALUES ('11', '2', '1', '[{\"goodsId\":18,\"goodsNumber\":3},{\"goodsId\":20,\"goodsNumber\":3},{\"goodsId\":19,\"goodsNumber\":3}]', '2018-05-07 22:38:04');
INSERT INTO `cart` VALUES ('12', '2', '8', '[{\"goodsId\":94,\"goodsNumber\":4}]', '2018-05-07 23:38:48');
INSERT INTO `cart` VALUES ('13', '2', '8', '[{\"goodsId\":98,\"goodsNumber\":1},{\"goodsId\":96,\"goodsNumber\":1}]', '2018-05-08 01:36:22');

-- ----------------------------
-- Table structure for comment
-- ----------------------------
DROP TABLE IF EXISTS `comment`;
CREATE TABLE `comment` (
  `id` int(11) NOT NULL AUTO_INCREMENT,
  `content` varchar(255) DEFAULT NULL COMMENT '评论内容',
  `date` varchar(255) DEFAULT NULL COMMENT '日期',
  `user_id` int(11) DEFAULT NULL COMMENT '外键，关联用户信息表的id',
  `business_id` int(11) DEFAULT NULL COMMENT '外键，关联商家表的id',
  PRIMARY KEY (`id`),
  KEY `business_id` (`business_id`),
  KEY `FK_mxoojfj9tmy8088avf57mpm02` (`user_id`),
  CONSTRAINT `comment_ibfk_2` FOREIGN KEY (`business_id`) REFERENCES `business` (`id`),
  CONSTRAINT `comment_ibfk_3` FOREIGN KEY (`user_id`) REFERENCES `user` (`id`)
) ENGINE=InnoDB AUTO_INCREMENT=55 DEFAULT CHARSET=utf8;

-- ----------------------------
-- Records of comment
-- ----------------------------
INSERT INTO `comment` VALUES ('39', '真好吃啊', '2018-04-22', '1', '20');
INSERT INTO `comment` VALUES ('40', '物美价廉', '2018-04-22', '2', '20');
INSERT INTO `comment` VALUES ('41', 'wq', '2018-05-07 00:35:06', '2', '8');
INSERT INTO `comment` VALUES ('42', '我的最爱', '2018-05-07 00:35:16', '2', '8');
INSERT INTO `comment` VALUES ('43', '哇哈哈哈  下次再来', '2018-05-07 00:35:39', '2', '15');
INSERT INTO `comment` VALUES ('44', '我又来啦', '2018-05-07 00:35:53', '2', '15');
INSERT INTO `comment` VALUES ('45', '哇哈哈', '2018-05-07 00:42:36', '2', '3');
INSERT INTO `comment` VALUES ('46', '哇哈哈', '2018-05-07 00:42:37', '2', '3');
INSERT INTO `comment` VALUES ('47', '再拆', '2018-05-07 14:00:54', '2', '8');
INSERT INTO `comment` VALUES ('48', '吧', '2018-05-07 14:01:05', '2', '8');
INSERT INTO `comment` VALUES ('49', 'w', '2018-05-07 19:04:05', '2', '1');
INSERT INTO `comment` VALUES ('50', 'q', '2018-05-07 19:04:24', '2', '5');
INSERT INTO `comment` VALUES ('51', '1', '2018-05-07 19:06:39', '2', '3');
INSERT INTO `comment` VALUES ('52', 't', '2018-05-07 19:06:50', '2', '3');
INSERT INTO `comment` VALUES ('53', 'a', '2018-05-07 19:19:22', '2', '8');
INSERT INTO `comment` VALUES ('54', 'wq', '2018-05-07 19:32:55', '2', '12');

-- ----------------------------
-- Table structure for goods
-- ----------------------------
DROP TABLE IF EXISTS `goods`;
CREATE TABLE `goods` (
  `id` int(11) NOT NULL AUTO_INCREMENT,
  `name` varchar(255) DEFAULT NULL COMMENT '商品名',
  `details` varchar(255) DEFAULT NULL COMMENT '商品介绍',
  `price` decimal(10,2) DEFAULT NULL COMMENT '价钱',
  `business_id` int(11) DEFAULT NULL COMMENT '外键，关联商家表的id',
  `picture` varchar(255) DEFAULT NULL COMMENT '商品图片',
  `date` varchar(255) DEFAULT NULL,
  `update_date` varchar(255) DEFAULT NULL,
  PRIMARY KEY (`id`),
  KEY `business_id` (`business_id`),
  CONSTRAINT `goods_ibfk_1` FOREIGN KEY (`business_id`) REFERENCES `business` (`id`)
) ENGINE=InnoDB AUTO_INCREMENT=251 DEFAULT CHARSET=utf8;

-- ----------------------------
-- Records of goods
-- ----------------------------
INSERT INTO `goods` VALUES ('2', '土豆炒肉', '好吃又实惠', '10.00', '2', '/pic/p51.jpg', '2018-05-05 11:48:39', '2018-05-05 11:49:08');
INSERT INTO `goods` VALUES ('3', '板栗鸡', '好吃又实惠', '10.50', '2', '/pic/p52.jpg', '2018-05-05 11:49:31', '2018-05-05 11:49:31');
INSERT INTO `goods` VALUES ('4', '红烧日本豆腐', '好吃又实惠', '10.00', '2', '/pic/p53.jpg', '2018-05-05 11:49:49', '2018-05-05 11:49:49');
INSERT INTO `goods` VALUES ('5', '酸甜肉', '好吃又实惠', '12.00', '2', '/pic/p54.jpg', '2018-05-05 11:50:07', '2018-05-05 11:50:07');
INSERT INTO `goods` VALUES ('6', '红烧排骨', '好吃又实惠', '12.00', '2', '/pic/p55.jpg', '2018-05-05 11:50:15', '2018-05-05 11:50:15');
INSERT INTO `goods` VALUES ('7', '红烧鸡腿', '好吃又实惠', '12.00', '2', '/pic/p56.jpg', '2018-05-05 11:50:30', '2018-05-05 11:50:30');
INSERT INTO `goods` VALUES ('8', '香炸鸡腿', '好吃又实惠', '12.00', '2', '/pic/p21.jpg', '2018-05-05 11:50:40', '2018-05-05 11:50:40');
INSERT INTO `goods` VALUES ('9', '咖喱鸡', '好吃又实惠', '11.00', '2', '/pic/p22.jpg', '2018-05-05 11:50:58', '2018-05-05 11:50:58');
INSERT INTO `goods` VALUES ('10', '红烧牛肉', '好吃又实惠', '14.00', '2', '/pic/p23.jpg', '2018-05-05 11:51:09', '2018-05-05 11:51:09');
INSERT INTO `goods` VALUES ('11', '土豆炒牛肉', '好吃又实惠', '13.00', '2', '/pic/p24.jpg', '2018-05-05 11:51:29', '2018-05-05 11:51:29');
INSERT INTO `goods` VALUES ('12', '香菇焖鸡', '好吃又实惠', '12.00', '2', '/pic/p25.jpg', '2018-05-05 11:51:42', '2018-05-05 11:51:42');
INSERT INTO `goods` VALUES ('13', '香辣鸡', '好吃又实惠', '12.00', '2', 'p/pic/p26.jpg', '2018-05-05 11:51:50', '2018-05-05 11:51:50');
INSERT INTO `goods` VALUES ('14', '梅菜扣肉', '好吃又实惠', '12.00', '2', '/pic/p27.jpg', '2018-05-05 11:51:59', '2018-05-05 11:51:59');
INSERT INTO `goods` VALUES ('15', '红烧茄子', '好吃又实惠', '10.00', '2', '/pic/p28.jpg', '2018-05-05 11:52:18', '2018-05-05 11:52:18');
INSERT INTO `goods` VALUES ('16', '红烧腐竹', '好吃又实惠', '10.00', '2', '/pic/p29.jpg', '2018-05-05 11:52:31', '2018-05-05 11:52:31');
INSERT INTO `goods` VALUES ('17', '鱼香茄子', '好吃又实惠', '10.00', '1', '/pic/p30.jpg', '2018-05-05 11:58:26', '2018-05-05 11:58:26');
INSERT INTO `goods` VALUES ('18', '鱼香肉丝', '好吃又实惠', '11.00', '1', '/pic/p31.jpg', '2018-05-05 11:58:39', '2018-05-05 11:58:39');
INSERT INTO `goods` VALUES ('19', '鸡扒饭', '好吃又实惠', '11.00', '1', '/pic/p32.jpg', '2018-05-05 11:58:50', '2018-05-05 11:58:50');
INSERT INTO `goods` VALUES ('20', '猪扒饭', '好吃又实惠', '11.00', '1', '/pic/p33.jpg', '2018-05-05 12:03:12', '2018-05-05 12:03:26');
INSERT INTO `goods` VALUES ('21', '烧鸭饭', '好吃又实惠', '12.00', '1', '/pic/p34.jpg', '2018-05-05 12:03:42', '2018-05-05 12:03:42');
INSERT INTO `goods` VALUES ('22', '牛肉粥', '好吃又实惠', '13.00', '1', '/pic/p35.jpg', '2018-05-05 12:04:04', '2018-05-05 12:04:04');
INSERT INTO `goods` VALUES ('23', '瘦肉煮粉', '好吃又实惠', '10.00', '1', '/pic/p36.jpg', '2018-05-05 12:04:16', '2018-05-05 12:04:16');
INSERT INTO `goods` VALUES ('24', '蒜香排骨', '好吃又实惠', '12.00', '1', '/pic/p37.jpg', '2018-05-05 12:05:22', '2018-05-05 12:05:22');
INSERT INTO `goods` VALUES ('25', '黄金鸡扒', '好吃又实惠', '12.00', '1', '/pic/p38.jpg', '2018-05-05 12:05:56', '2018-05-05 12:05:56');
INSERT INTO `goods` VALUES ('26', '香酥鸡腿', '好吃又实惠', '12.00', '1', '/pic/p39.jpg', '2018-05-05 12:06:18', '2018-05-05 12:06:18');
INSERT INTO `goods` VALUES ('27', '花生猪脚', '好吃又实惠', '12.00', '1', '/pic/p40.jpg', '2018-05-05 12:06:46', '2018-05-05 12:06:46');
INSERT INTO `goods` VALUES ('28', '牛肉河粉', '好吃又实惠', '12.00', '1', '/pic/p41.jpg', '2018-05-05 12:07:03', '2018-05-05 12:07:03');
INSERT INTO `goods` VALUES ('29', '牛肉汤面', '好吃又实惠', '12.00', '1', '/pic/p42.jpg', '2018-05-05 12:07:20', '2018-05-05 12:07:20');
INSERT INTO `goods` VALUES ('30', '鸡公煲', '美味佳肴', '13.00', '3', '/pic/p43.jpg', '2018-05-05 13:05:32', '2018-05-05 13:05:32');
INSERT INTO `goods` VALUES ('31', '腐竹炒肉', '美味佳肴', '11.00', '3', '/pic/p44.jpg', '2018-05-05 13:05:48', '2018-05-05 13:05:48');
INSERT INTO `goods` VALUES ('32', '鱼香茄子', '美味佳肴', '11.00', '3', '/pic/p45.jpg', '2018-05-05 13:06:09', '2018-05-05 13:06:09');
INSERT INTO `goods` VALUES ('33', '土豆丝炒肉', '美味佳肴', '11.00', '3', '/pic/p46.jpg', '2018-05-05 13:06:28', '2018-05-05 13:06:28');
INSERT INTO `goods` VALUES ('34', '苦瓜炒蛋', '美味佳肴', '11.00', '3', '/pic/p47.jpg', '2018-05-05 13:06:42', '2018-05-05 13:06:42');
INSERT INTO `goods` VALUES ('35', '尖椒炒肉', '美味佳肴', '11.00', '3', '/pic/p48.jpg', '2018-05-05 13:06:53', '2018-05-05 13:06:53');
INSERT INTO `goods` VALUES ('36', '水煮肉片', '美味佳肴', '12.00', '3', '/pic/p49.jpg', '2018-05-05 13:07:08', '2018-05-05 13:07:08');
INSERT INTO `goods` VALUES ('37', '扬州炒饭', '美味佳肴', '7.00', '3', '/pic/p50.jpg', '2018-05-05 13:07:26', '2018-05-05 13:07:26');
INSERT INTO `goods` VALUES ('38', '酸菜鱼', '美味佳肴', '13.00', '3', '/pic/p51.jpg', '2018-05-05 13:07:38', '2018-05-05 13:07:38');
INSERT INTO `goods` VALUES ('39', '日本豆腐', '美味佳肴', '10.00', '3', '/pic/p52.jpg', '2018-05-05 13:07:52', '2018-05-05 13:07:52');
INSERT INTO `goods` VALUES ('40', '洋葱炒肉', '美味佳肴', '10.00', '3', '/pic/p53.jpg', '2018-05-05 13:08:05', '2018-05-05 13:08:05');
INSERT INTO `goods` VALUES ('41', '3个鸡肉卷', '管饱满减', '16.00', '4', '/pic/p54.jpg', '2018-05-05 13:16:52', '2018-05-05 13:16:52');
INSERT INTO `goods` VALUES ('42', '3个鸡腿堡', '管饱满减', '16.00', '4', '/pic/p55.jpg', '2018-05-05 13:17:09', '2018-05-05 13:17:09');
INSERT INTO `goods` VALUES ('43', '4个川香鸡柳', '管饱满减', '8.00', '4', '/pic/p56.jpg', '2018-05-05 13:17:32', '2018-05-05 13:17:32');
INSERT INTO `goods` VALUES ('44', '鸡腿堡+鸡肉卷+可乐', '管饱满减', '12.50', '4', '/pic/p57.jpg', '2018-05-05 13:18:00', '2018-05-05 13:18:00');
INSERT INTO `goods` VALUES ('45', '鸡腿堡+鸡肉卷+鸡块', '管饱满减', '12.00', '4', '/pic/p58.jpg', '2018-05-05 13:18:12', '2018-05-05 13:18:12');
INSERT INTO `goods` VALUES ('46', '鸡腿堡+香芋派+小可', '管饱满减', '12.00', '4', '/pic/p59.jpg', '2018-05-05 13:19:18', '2018-05-05 13:19:18');
INSERT INTO `goods` VALUES ('47', '鸡腿堡+小可', '管饱满减', '7.50', '4', '/pic/p60.jpg', '2018-05-05 13:19:54', '2018-05-05 13:19:54');
INSERT INTO `goods` VALUES ('48', '藤椒鸡腿堡+鸡肉卷+小可', '管饱满减', '14.00', '4', '/pic/p61.jpg', '2018-05-05 13:20:40', '2018-05-05 13:20:40');
INSERT INTO `goods` VALUES ('49', '鸡腿堡+鸡肉卷+薯条', '管饱满减', '14.00', '4', '/pic/p62.jpg', '2018-05-05 13:21:27', '2018-05-05 13:21:27');
INSERT INTO `goods` VALUES ('50', '鸡腿堡+鸡块+可乐', '管饱满减', '12.00', '4', '/pic/p63.jpg', '2018-05-05 13:21:56', '2018-05-05 13:21:56');
INSERT INTO `goods` VALUES ('51', '田园堡+鸡块+可乐', '管饱满减', '12.00', '4', '/pic/p64.jpg', '2018-05-05 13:22:23', '2018-05-05 13:22:23');
INSERT INTO `goods` VALUES ('52', '鸡肉卷+烤翅+小可', '管饱满减', '12.00', '4', '/pic/p65.jpg', '2018-05-05 13:22:58', '2018-05-05 13:22:58');
INSERT INTO `goods` VALUES ('53', '牛肉堡+鸡肉卷+小可', '管饱满减', '14.00', '4', '/pic/p66.jpg', '2018-05-05 13:23:46', '2018-05-05 13:23:46');
INSERT INTO `goods` VALUES ('54', '黑椒鸡排饭', '标准套餐', '9.00', '5', '/pic/p67.jpg', '2018-05-05 13:24:38', '2018-05-05 13:24:38');
INSERT INTO `goods` VALUES ('55', '烧鸭饭', '标准套餐', '11.00', '5', '/pic/p68.jpg', '2018-05-05 13:25:02', '2018-05-05 13:25:02');
INSERT INTO `goods` VALUES ('56', '红烧茄子饭', '标准套餐', '8.00', '5', '/pic/p69.jpg', '2018-05-05 13:25:17', '2018-05-05 13:25:17');
INSERT INTO `goods` VALUES ('57', '咕噜肉饭', '标准套餐', '9.00', '5', '/pic/p70.jpg', '2018-05-05 13:25:34', '2018-05-05 13:25:34');
INSERT INTO `goods` VALUES ('58', '可乐鸡腿', '标准套餐', '9.00', '5', '/pic/p71.jpg', '2018-05-05 13:25:47', '2018-05-05 13:25:47');
INSERT INTO `goods` VALUES ('59', '西红柿炒蛋', '标准套餐', '8.00', '5', '/pic/p72.jpg', '2018-05-05 13:26:03', '2018-05-05 13:26:03');
INSERT INTO `goods` VALUES ('60', '韭菜鸡蛋饭', '标准套餐', '8.00', '5', '/pic/p73.jpg', '2018-05-05 13:27:09', '2018-05-05 13:27:09');
INSERT INTO `goods` VALUES ('61', '叉烧肉饭', '标准套餐', '10.00', '5', '/pic/p74.jpg', '2018-05-05 13:27:26', '2018-05-05 13:27:26');
INSERT INTO `goods` VALUES ('62', '梅菜蒸肉饼饭', '标准套餐', '10.00', '5', '/pic/p75.jpg', '2018-05-05 13:27:45', '2018-05-05 13:27:45');
INSERT INTO `goods` VALUES ('63', '口水鸡饭', '标准套餐', '10.00', '5', '/pic/p76.jpg', '2018-05-05 13:27:57', '2018-05-05 13:27:57');
INSERT INTO `goods` VALUES ('64', '豆腐丝肉片饭', '标准套餐', '10.00', '5', '/pic/p77.jpg', '2018-05-05 13:28:14', '2018-05-05 13:28:14');
INSERT INTO `goods` VALUES ('65', '玉米火腿饭', '标准套餐', '10.00', '5', '/pic/p78.jpg', '2018-05-05 13:28:38', '2018-05-05 13:28:38');
INSERT INTO `goods` VALUES ('66', '土豆肉丝饭', '标准套餐', '9.00', '5', '/pic/p79.jpg', '2018-05-05 13:28:59', '2018-05-05 13:28:59');
INSERT INTO `goods` VALUES ('67', '红烧腐竹', '标准套餐', '9.00', '5', '/pic/p80.jpg', '2018-05-05 13:29:35', '2018-05-05 13:29:35');
INSERT INTO `goods` VALUES ('68', '正新鸡排+当日饮料', '进店必买', '12.00', '6', '/pic/p81.jpg', '2018-05-05 13:42:39', '2018-05-05 13:42:39');
INSERT INTO `goods` VALUES ('69', '招牌鸡排+可乐', '进店必买', '14.00', '6', '/pic/p82.jpg', '2018-05-05 13:43:10', '2018-05-05 13:43:10');
INSERT INTO `goods` VALUES ('70', '正新鸡排1', '进店必买', '12.00', '6', '/pic/p83.jpg', '2018-05-05 13:43:31', '2018-05-05 13:43:31');
INSERT INTO `goods` VALUES ('71', '爆浆鸡排', '进店必买', '15.00', '6', '/pic/p84.jpg', '2018-05-05 13:43:52', '2018-05-05 13:43:52');
INSERT INTO `goods` VALUES ('72', '盐酥鸡', '进店必买', '10.00', '6', '/pic/p85.jpg', '2018-05-05 13:44:07', '2018-05-05 13:44:07');
INSERT INTO `goods` VALUES ('73', '藤椒鸡排', '进店必买', '6.00', '6', '/pic/p86.jpg', '2018-05-05 13:44:26', '2018-05-05 13:44:26');
INSERT INTO `goods` VALUES ('74', '鸡排+薯条+当日饮料', '进店必买', '14.70', '6', '/pic/p87.jpg', '2018-05-05 13:46:07', '2018-05-05 13:46:07');
INSERT INTO `goods` VALUES ('75', '正新鸡排+大杯金桔', '进店必买', '16.00', '6', '/pic/p88.jpg', '2018-05-05 13:47:18', '2018-05-05 13:47:18');
INSERT INTO `goods` VALUES ('76', '秘汁烤肉饭', '进店必买', '16.00', '6', '/pic/p89.jpg', '2018-05-05 13:48:06', '2018-05-05 13:48:06');
INSERT INTO `goods` VALUES ('77', '沙拉香辣鸡排', '进店必买', '13.00', '6', '/pic/p90.jpg', '2018-05-05 13:48:34', '2018-05-05 13:48:34');
INSERT INTO `goods` VALUES ('78', '招牌香辣鸡排', '进店必买', '11.00', '6', '/pic/p91.jpg', '2018-05-05 13:48:50', '2018-05-05 13:48:50');
INSERT INTO `goods` VALUES ('79', '招牌香辣鸡排', '进店必买', '11.00', '6', '/pic/p92.jpg', '2018-05-05 13:49:37', '2018-05-05 13:49:37');
INSERT INTO `goods` VALUES ('80', '招牌鸡排+可乐', '进店必买', '14.00', '6', '/pic/p93.jpg', '2018-05-05 13:50:20', '2018-05-05 13:50:20');
INSERT INTO `goods` VALUES ('81', '无骨鸡柳', '进店必买', '10.00', '6', '/pic/p94.jpg', '2018-05-05 13:50:37', '2018-05-05 13:50:37');
INSERT INTO `goods` VALUES ('82', '奥尔良鸡排', '美味快餐', '12.00', '7', '/pic/p95.jpg', '2018-05-05 13:52:51', '2018-05-05 13:52:51');
INSERT INTO `goods` VALUES ('83', '菜谱煎蛋', '美味快餐', '11.00', '7', '/pic/p96.jpg', '2018-05-05 13:53:12', '2018-05-05 13:53:12');
INSERT INTO `goods` VALUES ('84', '花鸡饭', '美味快餐', '12.00', '7', '/pic/p97.jpg', '2018-05-05 13:53:24', '2018-05-05 13:53:24');
INSERT INTO `goods` VALUES ('85', '沙拉猪扒', '美味快餐', '12.00', '7', '/pic/p98.jpg', '2018-05-05 13:53:33', '2018-05-05 13:53:33');
INSERT INTO `goods` VALUES ('86', '咖喱猪扒', '美味快餐', '12.00', '7', '/pic/p99.jpg', '2018-05-05 13:53:43', '2018-05-05 13:53:43');
INSERT INTO `goods` VALUES ('87', '盐焗鸡腿', '美味快餐', '11.00', '7', '/pic/p100.jpg', '2018-05-05 13:53:56', '2018-05-05 13:53:56');
INSERT INTO `goods` VALUES ('88', '土豆咖喱鸡饭', '美味快餐', '11.00', '7', '/pic/p101.jpg', '2018-05-05 13:54:07', '2018-05-05 13:54:07');
INSERT INTO `goods` VALUES ('89', '奥尔良鸡扒饭', '美味快餐', '11.00', '7', '/pic/p102.jpg', '2018-05-05 13:54:18', '2018-05-05 13:54:18');
INSERT INTO `goods` VALUES ('90', '卡兹崔鸡扒饭', '美味快餐', '11.00', '7', '/pic/p103.jpg', '2018-05-05 13:54:30', '2018-05-05 13:54:30');
INSERT INTO `goods` VALUES ('91', '嫩香猪扒饭', '美味快餐', '11.00', '7', '/pic/p104.jpg', '2018-05-05 13:55:02', '2018-05-05 13:55:02');
INSERT INTO `goods` VALUES ('92', '手撕盐焗鸡', '美味快餐', '13.00', '7', '/pic/p105.jpg', '2018-05-05 13:55:46', '2018-05-05 13:55:46');
INSERT INTO `goods` VALUES ('93', '咖喱鸡饭', '美味快餐', '13.00', '7', '/pic/p106.jpg', '2018-05-05 13:56:17', '2018-05-05 13:56:17');
INSERT INTO `goods` VALUES ('94', '香炸大鸡腿', '热销套餐', '12.00', '8', '/pic/p107.jpg', '2018-05-05 13:57:06', '2018-05-05 13:57:06');
INSERT INTO `goods` VALUES ('95', '红烧茄子', '热销套餐', '10.00', '8', '/pic/p108.jpg', '2018-05-05 13:57:30', '2018-05-05 13:57:30');
INSERT INTO `goods` VALUES ('96', '广式烧鸭', '热销套餐', '12.00', '8', '/pic/p109.jpg', '2018-05-05 13:57:42', '2018-05-05 13:57:42');
INSERT INTO `goods` VALUES ('97', '玉米煎蛋', '热销套餐', '10.00', '8', '/pic/p110.jpg', '2018-05-05 13:57:57', '2018-05-05 13:57:57');
INSERT INTO `goods` VALUES ('98', '鸡腿饭', '热销套餐', '12.00', '8', '/pic/p111.jpg', '2018-05-05 13:58:06', '2018-05-05 13:58:06');
INSERT INTO `goods` VALUES ('99', '酱鸭饭', '热销套餐', '13.00', '8', '/pic/p112.jpg', '2018-05-05 13:58:19', '2018-05-05 13:58:19');
INSERT INTO `goods` VALUES ('100', '鸡扒', '热销套餐', '13.00', '8', '/pic/p113.jpg', '2018-05-05 13:58:29', '2018-05-05 13:58:29');
INSERT INTO `goods` VALUES ('101', '香辣土豆饭', '热销套餐', '10.00', '8', '/pic/p114.jpg', '2018-05-05 13:58:44', '2018-05-05 13:58:44');
INSERT INTO `goods` VALUES ('102', '花菜炒肉', '热销套餐', '10.00', '8', '/pic/p115.jpg', '2018-05-05 13:58:57', '2018-05-05 13:58:57');
INSERT INTO `goods` VALUES ('103', '醉鸭饭', '热销套餐', '12.00', '8', '/pic/p116.jpg', '2018-05-05 13:59:14', '2018-05-05 13:59:14');
INSERT INTO `goods` VALUES ('104', '红烧肉', '热销套餐', '12.00', '8', '/pic/p117.jpg', '2018-05-05 13:59:31', '2018-05-05 13:59:31');
INSERT INTO `goods` VALUES ('105', '肉丸汤粉', '热销套餐', '10.00', '8', '/pic/p118.jpg', '2018-05-05 13:59:53', '2018-05-05 13:59:53');
INSERT INTO `goods` VALUES ('106', '番茄瘦肉汤粉', '热销套餐', '10.00', '8', '/pic/p119.jpg', '2018-05-05 14:00:12', '2018-05-05 14:00:12');
INSERT INTO `goods` VALUES ('107', '鸡肉卷+香酥鸡排+可乐', '优惠套餐', '14.00', '9', '/pic/p120.jpg', '2018-05-05 14:01:19', '2018-05-05 14:01:19');
INSERT INTO `goods` VALUES ('108', '鸡肉卷+香酥鸡排', '优惠套餐', '12.00', '9', '/pic/p121.jpg', '2018-05-05 14:01:30', '2018-05-05 14:01:30');
INSERT INTO `goods` VALUES ('109', '鸡腿堡+香酥鸡排', '优惠套餐', '12.00', '9', '/pic/p122.jpg', '2018-05-05 14:01:46', '2018-05-05 14:01:46');
INSERT INTO `goods` VALUES ('110', '鸡腿堡+香酥鸡排+可乐', '优惠套餐', '14.00', '9', '/pic/p123.jpg', '2018-05-05 14:01:55', '2018-05-05 14:01:55');
INSERT INTO `goods` VALUES ('111', '香辣鸡腿堡+鸡肉卷', '优惠套餐', '10.00', '9', '/pic/p124.jpg', '2018-05-05 14:02:36', '2018-05-05 14:02:36');
INSERT INTO `goods` VALUES ('112', '香辣鸡腿堡+上校鸡块', '优惠套餐', '10.00', '9', '/pic/p125.jpg', '2018-05-05 14:02:49', '2018-05-05 14:02:49');
INSERT INTO `goods` VALUES ('113', '鸡肉卷+上校鸡块', '优惠套餐', '10.00', '9', '/pic/p126.jpg', '2018-05-05 14:02:58', '2018-05-05 14:02:58');
INSERT INTO `goods` VALUES ('114', '藤椒鸡腿堡+鸡肉卷', '优惠套餐', '12.00', '9', '/pic/p127.jpg', '2018-05-05 14:03:16', '2018-05-05 14:03:16');
INSERT INTO `goods` VALUES ('115', '半只童子鸡+鸡肉卷', '优惠套餐', '15.00', '9', '/pic/p128.jpg', '2018-05-05 14:03:31', '2018-05-05 14:03:31');
INSERT INTO `goods` VALUES ('116', '半只童子鸡+香酥鸡排', '优惠套餐', '16.00', '9', '/pic/p129.jpg', '2018-05-05 14:03:45', '2018-05-05 14:03:45');
INSERT INTO `goods` VALUES ('117', '半只童子鸡+香辣鸡腿堡', '优惠套餐', '16.00', '9', '/pic/p130.jpg', '2018-05-05 14:03:57', '2018-05-05 14:03:57');
INSERT INTO `goods` VALUES ('118', '童子鸡', '优惠套餐', '16.00', '9', '/pic/p131.jpg', '2018-05-05 14:04:12', '2018-05-05 14:04:12');
INSERT INTO `goods` VALUES ('119', '香辣鸡腿堡+鸡肉卷+鸡块', '优惠套餐', '15.00', '9', '/pic/p132.jpg', '2018-05-05 14:04:38', '2018-05-05 14:04:38');
INSERT INTO `goods` VALUES ('120', '蜜汁脆皮鸡', '脆皮鸡饭', '12.00', '10', '/pic/p133.jpg', '2018-05-05 14:08:22', '2018-05-05 14:08:22');
INSERT INTO `goods` VALUES ('121', '沙拉脆皮鸡', '脆皮鸡饭', '12.00', '10', '/pic/p134.jpg', '2018-05-05 14:08:31', '2018-05-05 14:08:31');
INSERT INTO `goods` VALUES ('122', '香辣脆皮鸡', '脆皮鸡饭', '12.00', '10', '/pic/p135.jpg', '2018-05-05 14:08:38', '2018-05-05 14:08:38');
INSERT INTO `goods` VALUES ('123', '原味脆皮鸡', '脆皮鸡饭', '12.00', '10', '/pic/p136.jpg', '2018-05-05 14:08:47', '2018-05-05 14:08:47');
INSERT INTO `goods` VALUES ('124', '泰式脆皮鸡', '脆皮鸡饭', '12.00', '10', '/pic/p137.jpg', '2018-05-05 14:08:59', '2018-05-05 14:08:59');
INSERT INTO `goods` VALUES ('125', '孜然脆皮鸡', '脆皮鸡饭', '12.00', '10', '/pic/p139.jpg', '2018-05-05 14:09:11', '2018-05-05 14:09:11');
INSERT INTO `goods` VALUES ('126', '咖喱脆皮鸡', '脆皮鸡饭', '12.00', '10', '/pic/p138.jpg', '2018-05-05 14:09:23', '2018-05-05 14:09:23');
INSERT INTO `goods` VALUES ('127', '番茄脆皮鸡', '脆皮鸡饭', '12.00', '10', '/pic/p140.jpg', '2018-05-05 14:09:32', '2018-05-05 14:09:32');
INSERT INTO `goods` VALUES ('128', '黑胶脆皮鸡', '脆皮鸡饭', '12.00', '10', '/pic/p141.jpg', '2018-05-05 14:09:46', '2018-05-05 14:09:46');
INSERT INTO `goods` VALUES ('129', '蜜汁烤肉饭', '烤肉饭', '12.00', '10', '/pic/p142.jpg', '2018-05-05 14:10:18', '2018-05-05 14:10:18');
INSERT INTO `goods` VALUES ('130', '台式烤肉饭', '烤肉饭', '12.00', '10', '/pic/p143.jpg', '2018-05-05 14:10:28', '2018-05-05 14:10:28');
INSERT INTO `goods` VALUES ('131', '番茄烤肉饭', '烤肉饭', '12.00', '10', '/pic/p144.jpg', '2018-05-05 14:10:39', '2018-05-05 14:10:39');
INSERT INTO `goods` VALUES ('132', '香辣烤肉饭', '烤肉饭', '12.00', '10', '/pic/p145.jpg', '2018-05-05 14:10:52', '2018-05-05 14:10:52');
INSERT INTO `goods` VALUES ('133', '烧鸡腿饭', '进店必买', '12.50', '11', '/pic/p146.jpg', '2018-05-05 14:12:20', '2018-05-05 14:12:20');
INSERT INTO `goods` VALUES ('134', '叉烧饭', '进店必买', '12.50', '11', '/pic/p147.jpg', '2018-05-05 14:12:32', '2018-05-05 14:12:32');
INSERT INTO `goods` VALUES ('135', '卤蛋饭', '进店必买', '12.50', '11', '/pic/p148.jpg', '2018-05-05 14:12:43', '2018-05-05 14:12:43');
INSERT INTO `goods` VALUES ('136', '烧鸭饭', '进店必买', '12.50', '11', '/pic/p149.jpg', '2018-05-05 14:12:51', '2018-05-05 14:12:51');
INSERT INTO `goods` VALUES ('137', '猪腿肉', '进店必买', '12.50', '11', '/pic/p150.jpg', '2018-05-05 14:13:00', '2018-05-05 14:13:00');
INSERT INTO `goods` VALUES ('138', '白切鸡', '进店必买', '12.50', '11', '/pic/p151.jpg', '2018-05-05 14:13:13', '2018-05-05 14:13:13');
INSERT INTO `goods` VALUES ('139', '油鸡饭', '进店必买', '12.50', '11', '/pic/p152.jpg', '2018-05-05 14:13:29', '2018-05-05 14:13:29');
INSERT INTO `goods` VALUES ('140', '炭烧烧鸭', '进店必买', '12.50', '11', '/pic/p153.jpg', '2018-05-05 14:13:42', '2018-05-05 14:13:42');
INSERT INTO `goods` VALUES ('141', '猪耳饭', '进店必买', '12.50', '11', '/pic/p154.jpg', '2018-05-05 14:13:56', '2018-05-05 14:13:56');
INSERT INTO `goods` VALUES ('142', '猪头皮', '进店必买', '12.50', '11', '/pic/p155.jpg', '2018-05-05 14:14:09', '2018-05-05 14:14:09');
INSERT INTO `goods` VALUES ('143', '卤水鸭肠', '进店必买', '12.50', '11', '/pic/p156.jpg', '2018-05-05 14:14:23', '2018-05-05 14:14:23');
INSERT INTO `goods` VALUES ('144', '五花肉饭', '进店必买', '12.50', '11', '/pic/p157.jpg', '2018-05-05 14:14:33', '2018-05-05 14:14:33');
INSERT INTO `goods` VALUES ('145', '酸菜牛肉饭', '折扣商品', '20.00', '12', '/pic/p158.jpg', '2018-05-05 14:15:57', '2018-05-05 14:15:57');
INSERT INTO `goods` VALUES ('146', '炒番薯叶', '折扣商品', '10.00', '12', '/pic/p159.jpg', '2018-05-05 14:16:21', '2018-05-05 14:16:21');
INSERT INTO `goods` VALUES ('147', '香菇鸡肉', '折扣商品', '12.00', '12', '/pic/p160.jpg', '2018-05-05 14:17:30', '2018-05-05 14:17:30');
INSERT INTO `goods` VALUES ('148', '瘦肉焖豆腐', '折扣商品', '12.00', '12', '/pic/p161.jpg', '2018-05-05 14:17:44', '2018-05-05 14:17:44');
INSERT INTO `goods` VALUES ('149', '红烧茄子', '折扣商品', '10.00', '12', '/pic/p162.jpg', '2018-05-05 14:17:59', '2018-05-05 14:17:59');
INSERT INTO `goods` VALUES ('150', '榨菜牛肉饭', '折扣商品', '20.00', '12', '/pic/p163.jpg', '2018-05-05 14:18:11', '2018-05-05 14:18:11');
INSERT INTO `goods` VALUES ('151', '梅菜扣肉', '折扣商品', '20.00', '12', '/pic/p164.jpg', '2018-05-05 14:18:23', '2018-05-05 14:18:23');
INSERT INTO `goods` VALUES ('152', '黑椒洋葱炒牛肉', '折扣商品', '20.00', '12', '/pic/p165.jpg', '2018-05-05 14:18:42', '2018-05-05 14:18:42');
INSERT INTO `goods` VALUES ('153', '蒜香猪脚', '折扣商品', '15.00', '12', '/pic/p166.jpg', '2018-05-05 14:19:01', '2018-05-05 14:19:01');
INSERT INTO `goods` VALUES ('154', '客家姜酒鸡', '折扣商品', '15.00', '12', '/pic/p167.jpg', '2018-05-05 14:19:13', '2018-05-05 14:19:13');
INSERT INTO `goods` VALUES ('155', '萝卜炒牛肉', '折扣商品', '20.00', '12', '/pic/p168.jpg', '2018-05-05 14:19:27', '2018-05-05 14:19:27');
INSERT INTO `goods` VALUES ('156', '香酥咸蛋卷', '折扣商品', '15.00', '12', '/pic/p169.jpg', '2018-05-05 14:19:45', '2018-05-05 14:19:45');
INSERT INTO `goods` VALUES ('157', '金针菇日本豆腐', '优惠套餐', '10.00', '13', '/pic/p170.jpg', '2018-05-05 14:21:35', '2018-05-05 14:21:35');
INSERT INTO `goods` VALUES ('158', '猪扒饭', '优惠套餐', '12.00', '13', '/pic/p171.jpg', '2018-05-05 14:21:51', '2018-05-05 14:21:51');
INSERT INTO `goods` VALUES ('159', '鸡扒饭', '优惠套餐', '12.00', '13', '/pic/p172.jpg', '2018-05-05 14:21:59', '2018-05-05 14:21:59');
INSERT INTO `goods` VALUES ('160', '尖椒炒肉', '优惠套餐', '12.00', '13', '/pic/p173.jpg', '2018-05-05 14:22:07', '2018-05-05 14:22:07');
INSERT INTO `goods` VALUES ('161', '红烧肉', '优惠套餐', '12.00', '13', '/pic/p174.jpg', '2018-05-05 14:22:15', '2018-05-05 14:22:15');
INSERT INTO `goods` VALUES ('162', '香菇滑鸡饭', '优惠套餐', '12.00', '13', '/pic/p175.jpg', '2018-05-05 14:22:28', '2018-05-05 14:22:28');
INSERT INTO `goods` VALUES ('163', '蒜香鸡腿饭', '优惠套餐', '12.00', '13', '/pic/p176.jpg', '2018-05-05 14:22:42', '2018-05-05 14:22:42');
INSERT INTO `goods` VALUES ('164', '香炸鸡腿饭', '优惠套餐', '12.00', '13', '/pic/p177.jpg', '2018-05-05 14:22:51', '2018-05-05 14:22:51');
INSERT INTO `goods` VALUES ('165', '腐竹牛腩饭', '优惠套餐', '14.00', '13', '/pic/p178.jpg', '2018-05-05 14:23:06', '2018-05-05 14:23:06');
INSERT INTO `goods` VALUES ('166', '土豆丝炒肉', '优惠套餐', '12.00', '13', '/pic/p179.jpg', '2018-05-05 14:23:16', '2018-05-05 14:23:16');
INSERT INTO `goods` VALUES ('167', '番茄炒蛋', '优惠套餐', '12.00', '13', '/pic/p180.jpg', '2018-05-05 14:23:24', '2018-05-05 14:23:24');
INSERT INTO `goods` VALUES ('168', '苦瓜炒蛋', '优惠套餐', '10.00', '13', '/pic/p181.jpg', '2018-05-05 14:23:40', '2018-05-05 14:23:40');
INSERT INTO `goods` VALUES ('169', '风味手撕鸡', '特色实惠套餐', '12.00', '14', '/pic/p182.jpg', '2018-05-05 14:29:17', '2018-05-05 14:29:17');
INSERT INTO `goods` VALUES ('170', '麻辣手撕鸡', '特色实惠套餐', '12.00', '14', '/pic/p183.jpg', '2018-05-05 14:29:24', '2018-05-05 14:29:24');
INSERT INTO `goods` VALUES ('171', '黄焖鸡米饭', '特色实惠套餐', '19.00', '14', '/pic/p184.jpg', '2018-05-05 14:29:37', '2018-05-05 14:29:37');
INSERT INTO `goods` VALUES ('172', '酸辣土豆丝', '特色实惠套餐', '10.00', '14', '/pic/p185.jpg', '2018-05-05 14:30:11', '2018-05-05 14:30:11');
INSERT INTO `goods` VALUES ('173', '港式一口肠', '特色实惠套餐', '10.00', '14', '/pic/p186.jpg', '2018-05-05 14:30:23', '2018-05-05 14:30:23');
INSERT INTO `goods` VALUES ('174', '红烧腐竹', '特色实惠套餐', '10.00', '14', '/pic/p187.jpg', '2018-05-05 14:30:43', '2018-05-05 14:30:43');
INSERT INTO `goods` VALUES ('175', '香煎鸡扒', '特色实惠套餐', '12.00', '14', '/pic/p188.jpg', '2018-05-05 14:30:57', '2018-05-05 14:30:57');
INSERT INTO `goods` VALUES ('176', '卡兹脆皮鸡', '特色实惠套餐', '12.00', '14', '/pic/p101.jpg', '2018-05-05 14:31:08', '2018-05-05 14:31:08');
INSERT INTO `goods` VALUES ('177', '沙拉脆皮鸡', '特色实惠套餐', '12.00', '14', '/pic/p102.jpg', '2018-05-05 14:31:20', '2018-05-05 14:31:20');
INSERT INTO `goods` VALUES ('178', '香辣鸡排', '特色实惠套餐', '12.00', '14', '/pic/p103.jpg', '2018-05-05 14:31:49', '2018-05-05 14:31:49');
INSERT INTO `goods` VALUES ('179', '奥尔良鸡排', '特色实惠套餐', '12.00', '14', '/pic/p104.jpg', '2018-05-05 14:32:00', '2018-05-05 14:32:00');
INSERT INTO `goods` VALUES ('180', '干炒牛河粉', '本店特色', '19.00', '15', '/pic/p105.jpg', '2018-05-05 14:33:16', '2018-05-05 14:33:16');
INSERT INTO `goods` VALUES ('181', '酸甜排骨', '本店特色', '19.00', '15', '/pic/p106.jpg', '2018-05-05 14:33:26', '2018-05-05 14:33:26');
INSERT INTO `goods` VALUES ('182', '烧鸭饭', '本店特色', '19.00', '15', '/pic/p107.jpg', '2018-05-05 14:33:34', '2018-05-05 14:33:34');
INSERT INTO `goods` VALUES ('183', '青椒炒生肠饭', '本店特色', '19.00', '15', '/pic/p108.jpg', '2018-05-05 14:33:55', '2018-05-05 14:33:55');
INSERT INTO `goods` VALUES ('184', '淹牛肉饭', '本店特色', '19.00', '15', '/pic/p109.jpg', '2018-05-05 14:34:11', '2018-05-05 14:34:11');
INSERT INTO `goods` VALUES ('185', '炒鱿鱼饭', '本店特色', '19.00', '15', '/pic/p110.jpg', '2018-05-05 14:34:23', '2018-05-05 14:34:23');
INSERT INTO `goods` VALUES ('186', '红烧豆腐', '本店特色', '15.00', '15', '/pic/p111.jpg', '2018-05-05 14:34:33', '2018-05-05 14:34:33');
INSERT INTO `goods` VALUES ('187', '红烧鱼块', '本店特色', '15.00', '15', '/pic/p112.jpg', '2018-05-05 14:34:44', '2018-05-05 14:34:44');
INSERT INTO `goods` VALUES ('188', '金针菇肉片饭', '本店特色', '15.00', '15', '//pic/p113.jpg', '2018-05-05 14:34:55', '2018-05-05 14:34:55');
INSERT INTO `goods` VALUES ('189', '自制烧鸭', '本店特色', '15.00', '15', '/pic/p114.jpg', '2018-05-05 14:35:12', '2018-05-05 14:35:12');
INSERT INTO `goods` VALUES ('190', '辣子鸡', '本店特色', '15.00', '15', '/pic/p115.jpg', '2018-05-05 14:35:24', '2018-05-05 14:35:24');
INSERT INTO `goods` VALUES ('191', '土豆焖鸡', '本店特色', '15.00', '15', '/pic/p116.jpg', '2018-05-05 14:35:34', '2018-05-05 14:35:34');
INSERT INTO `goods` VALUES ('192', '鱼香茄子饭', '套餐饭', '12.00', '16', '/pic/p117.jpg', '2018-05-05 14:36:12', '2018-05-05 14:36:12');
INSERT INTO `goods` VALUES ('193', '鱼香肉丝饭', '套餐饭', '12.00', '16', '/pic/p118.jpg', '2018-05-05 14:36:20', '2018-05-05 14:36:20');
INSERT INTO `goods` VALUES ('194', '青椒肉丝', '套餐饭', '12.00', '16', '/pic/p119.jpg', '2018-05-05 14:36:28', '2018-05-05 14:36:28');
INSERT INTO `goods` VALUES ('195', '土豆肉丝', '套餐饭', '12.00', '16', '/pic/p120.jpg', '2018-05-05 14:36:36', '2018-05-05 14:36:36');
INSERT INTO `goods` VALUES ('196', '西红柿炒蛋', '套餐饭', '12.00', '16', '/pic/p121.jpg', '2018-05-05 14:36:44', '2018-05-05 14:36:44');
INSERT INTO `goods` VALUES ('197', '黑胡椒牛肉饭', '套餐饭', '15.00', '16', '/pic/p122.jpg', '2018-05-05 14:36:56', '2018-05-05 14:36:56');
INSERT INTO `goods` VALUES ('198', '烧鸭饭', '套餐饭', '13.00', '16', '/pic/p123.jpg', '2018-05-05 14:37:07', '2018-05-05 14:37:07');
INSERT INTO `goods` VALUES ('199', '鸡腿饭', '套餐饭', '13.00', '16', '/pic/p124.jpg', '2018-05-05 14:37:13', '2018-05-05 14:37:13');
INSERT INTO `goods` VALUES ('200', '招牌牛腩饭', '套餐饭', '13.00', '16', '/pic/p125.jpg', '2018-05-05 14:37:24', '2018-05-05 14:37:24');
INSERT INTO `goods` VALUES ('201', '排骨面', '套餐饭', '13.00', '16', '/pic/p126.jpg', '2018-05-05 14:37:40', '2018-05-05 14:37:40');
INSERT INTO `goods` VALUES ('202', '猪肚汤粉', '套餐饭', '13.00', '16', '/pic/p127.jpg', '2018-05-05 14:37:52', '2018-05-05 14:37:52');
INSERT INTO `goods` VALUES ('203', '辣子鸡', '优惠', '10.00', '17', '/pic/p128.jpg', '2018-05-05 14:38:50', '2018-05-05 14:38:50');
INSERT INTO `goods` VALUES ('204', '红烧茄子', '优惠', '10.00', '17', '/pic/p129.jpg', '2018-05-05 14:38:57', '2018-05-05 14:38:57');
INSERT INTO `goods` VALUES ('205', '沙拉鸡排', '优惠', '10.00', '17', '/pic/p130.jpg', '2018-05-05 14:39:06', '2018-05-05 14:39:06');
INSERT INTO `goods` VALUES ('206', '麻油鸭', '优惠', '10.00', '17', '/pic/p131.jpg', '2018-05-05 14:39:14', '2018-05-05 14:39:14');
INSERT INTO `goods` VALUES ('207', '宫保鸡丁', '优惠', '10.00', '17', '/pic/p132.jpg', '2018-05-05 14:39:26', '2018-05-05 14:39:26');
INSERT INTO `goods` VALUES ('208', '特色口水鸡', '优惠', '10.00', '17', '/pic/p133.jpg', '2018-05-05 14:39:38', '2018-05-05 14:39:38');
INSERT INTO `goods` VALUES ('209', '酸菜鱼', '优惠', '10.00', '17', '/pic/p134.jpg', '2018-05-05 14:39:51', '2018-05-05 14:39:51');
INSERT INTO `goods` VALUES ('210', '黑椒鸡排', '优惠', '10.00', '17', '/pic/p135.jpg', '2018-05-05 14:40:00', '2018-05-05 14:40:00');
INSERT INTO `goods` VALUES ('211', '咸香鸡腿', '优惠', '10.00', '17', '/pic/p136.jpg', '2018-05-05 14:40:10', '2018-05-05 14:40:10');
INSERT INTO `goods` VALUES ('212', '红烧土豆丝', '优惠', '10.00', '17', '/pic/p137.jpg', '2018-05-05 14:40:19', '2018-05-05 14:40:19');
INSERT INTO `goods` VALUES ('213', '西红柿蛋', '优惠', '10.00', '17', '/pic/p138.jpg', '2018-05-05 14:40:34', '2018-05-05 14:40:34');
INSERT INTO `goods` VALUES ('214', '酸辣包菜', '优惠', '10.00', '17', '/pic/p139.jpg', '2018-05-05 14:40:43', '2018-05-05 14:40:43');
INSERT INTO `goods` VALUES ('215', '孜然香肠', '优惠', '10.00', '17', '/pic/p140.jpg', '2018-05-05 14:40:51', '2018-05-05 14:40:51');
INSERT INTO `goods` VALUES ('216', '韭菜猪肉', '热销优惠', '12.00', '18', '/pic/p141.jpg', '2018-05-05 14:41:41', '2018-05-05 14:41:41');
INSERT INTO `goods` VALUES ('217', '香菇猪肉', '热销优惠', '12.00', '18', '/pic/p142.jpg', '2018-05-05 14:42:03', '2018-05-05 14:42:03');
INSERT INTO `goods` VALUES ('218', '三鲜', '热销优惠', '12.00', '18', '/pic/p143.jpg', '2018-05-05 14:42:13', '2018-05-05 14:42:13');
INSERT INTO `goods` VALUES ('219', '香菇鸡腿饭', '热销优惠', '12.00', '18', '/pic/p144.jpg', '2018-05-05 14:42:22', '2018-05-05 14:42:22');
INSERT INTO `goods` VALUES ('220', '啤酒鸭', '热销优惠', '12.00', '18', '/pic/p145.jpg', '2018-05-05 14:42:31', '2018-05-05 14:42:31');
INSERT INTO `goods` VALUES ('221', '花生猪脚饭', '热销优惠', '12.00', '18', '/pic/p146.jpg', '2018-05-05 14:42:42', '2018-05-05 14:42:42');
INSERT INTO `goods` VALUES ('222', '青椒炒肉', '热销优惠', '12.00', '18', '/pic/p147.jpg', '2018-05-05 14:42:51', '2018-05-05 14:42:51');
INSERT INTO `goods` VALUES ('223', '西红柿炒蛋', '热销优惠', '12.00', '18', '/pic/p148.jpg', '2018-05-05 14:43:01', '2018-05-05 14:43:01');
INSERT INTO `goods` VALUES ('224', '土豆烧鸡腿', '热销优惠', '12.00', '18', '/pic/p149.jpg', '2018-05-05 14:43:11', '2018-05-05 14:43:11');
INSERT INTO `goods` VALUES ('225', '土豆丝炒肉', '热销优惠', '12.00', '18', '/pic/p150.jpg', '2018-05-05 14:43:20', '2018-05-05 14:43:20');
INSERT INTO `goods` VALUES ('226', '黑椒牛肉', '热销优惠', '12.00', '18', '/pic/p151.jpg', '2018-05-05 14:43:32', '2018-05-05 14:43:32');
INSERT INTO `goods` VALUES ('227', '咖喱鸡', '热销优惠', '12.00', '18', '/pic/p152.jpg', '2018-05-05 14:43:43', '2018-05-05 14:43:43');
INSERT INTO `goods` VALUES ('228', '炸饺子', '特色小吃', '7.00', '19', '/pic/p153.jpg', '2018-05-05 14:44:19', '2018-05-05 14:44:19');
INSERT INTO `goods` VALUES ('229', '炸云吞', '特色小吃', '7.00', '19', '/pic/p154.jpg', '2018-05-05 14:44:27', '2018-05-05 14:44:27');
INSERT INTO `goods` VALUES ('230', '炒河粉', '特色小吃', '10.00', '19', '/pic/p155.jpg', '2018-05-05 14:44:42', '2018-05-05 14:44:42');
INSERT INTO `goods` VALUES ('231', '蛋炒饭', '特色小吃', '10.00', '19', '/pic/p156.jpg', '2018-05-05 14:44:50', '2018-05-05 14:44:50');
INSERT INTO `goods` VALUES ('232', '炒面', '特色小吃', '10.00', '19', '/pic/p157.jpg', '2018-05-05 14:45:01', '2018-05-05 14:45:01');
INSERT INTO `goods` VALUES ('233', '炒米粉', '特色小吃', '10.00', '19', '/pic/p158.jpg', '2018-05-05 14:45:07', '2018-05-05 14:45:07');
INSERT INTO `goods` VALUES ('234', '瘦肉煮粉', '特色小吃', '10.00', '19', '/pic/p159.jpg', '2018-05-05 14:45:22', '2018-05-05 14:45:22');
INSERT INTO `goods` VALUES ('235', '排骨汤煮面', '特色小吃', '10.00', '19', '/pic/p160.jpg', '2018-05-05 14:45:35', '2018-05-05 14:45:35');
INSERT INTO `goods` VALUES ('236', '蛋肉煮粉', '特色小吃', '10.00', '19', '/pic/p170.jpg', '2018-05-05 14:45:44', '2018-05-05 14:45:44');
INSERT INTO `goods` VALUES ('237', '猪肚汤煮粉', '特色小吃', '10.00', '19', '/pic/p171.jpg', '2018-05-05 14:46:01', '2018-05-05 14:46:01');
INSERT INTO `goods` VALUES ('238', '蛋煮河粉', '特色小吃', '10.00', '19', '/pic/p172.jpg', '2018-05-05 14:46:21', '2018-05-05 14:46:21');
INSERT INTO `goods` VALUES ('239', '牛肉炒拉面', '好吃又便宜', '15.00', '20', '/pic/p173.jpg', '2018-05-05 14:47:11', '2018-05-05 14:47:11');
INSERT INTO `goods` VALUES ('240', '牛肉刀削面', '好吃又便宜', '15.00', '20', '/pic/p174.jpg', '2018-05-05 14:47:21', '2018-05-05 14:47:21');
INSERT INTO `goods` VALUES ('241', '羊肉炒肉', '好吃又便宜', '15.00', '20', '/pic/p175.jpg', '2018-05-05 14:47:33', '2018-05-05 14:47:33');
INSERT INTO `goods` VALUES ('242', '鸡蛋炒拉面', '好吃又便宜', '15.00', '20', '/pic/p176.jpg', '2018-05-05 14:47:41', '2018-05-05 14:47:41');
INSERT INTO `goods` VALUES ('243', '丁丁炒面', '好吃又便宜', '15.00', '20', '/pic/p177.jpg', '2018-05-05 14:47:55', '2018-05-05 14:47:55');
INSERT INTO `goods` VALUES ('244', '番茄鸡蛋炒拉面', '好吃又便宜', '15.00', '20', '/pic/p178.jpg', '2018-05-05 14:48:12', '2018-05-05 14:48:12');
INSERT INTO `goods` VALUES ('245', '牛肉炮仗面', '好吃又便宜', '15.00', '20', '/pic/p179.jpg', '2018-05-05 14:48:25', '2018-05-05 14:48:25');
INSERT INTO `goods` VALUES ('246', '羊肉炒刀削面', '好吃又便宜', '15.00', '20', '/pic/p41.jpg', '2018-05-05 14:48:42', '2018-05-05 14:48:42');
INSERT INTO `goods` VALUES ('247', '牛肉炸酱面', '好吃又便宜', '15.00', '20', '/pic/p42.jpg', '2018-05-05 14:48:52', '2018-05-05 14:48:52');
INSERT INTO `goods` VALUES ('248', '牛肉凉拌面', '好吃又便宜', '15.00', '20', '/pic/p43.jpg', '2018-05-05 14:49:07', '2018-05-05 14:49:07');
INSERT INTO `goods` VALUES ('249', '鸡蛋凉拌面', '好吃又便宜', '15.00', '20', '/pic/p44.jpg', '2018-05-05 14:49:15', '2018-05-05 14:49:15');
INSERT INTO `goods` VALUES ('250', '红烧鸡块盖浇面', '好吃又便宜', '15.00', '20', '/pic/p45.jpg', '2018-05-05 14:49:28', '2018-05-05 14:49:28');

-- ----------------------------
-- Table structure for order
-- ----------------------------
DROP TABLE IF EXISTS `order`;
CREATE TABLE `order` (
  `id` int(11) NOT NULL AUTO_INCREMENT,
  `user_id` int(11) DEFAULT NULL COMMENT '外键，关联用户信息表的id',
  `price` decimal(10,2) DEFAULT NULL COMMENT '该订单总价钱',
  `date` varchar(255) DEFAULT NULL COMMENT '下单日期',
  `address` varchar(255) DEFAULT NULL COMMENT '配送地址',
  `business_id` int(11) DEFAULT NULL COMMENT '外键，关联商家表的id',
  `goods` varchar(255) DEFAULT NULL COMMENT '以Json形式存储，包含商品id和相应的数量',
  `telephone` varchar(255) DEFAULT NULL COMMENT '订单送达时拨打的号码',
  `remark` varchar(255) DEFAULT NULL COMMENT '备注',
  PRIMARY KEY (`id`),
  KEY `business_id` (`business_id`),
  KEY `order_ibfk_1` (`user_id`),
  CONSTRAINT `order_ibfk_1` FOREIGN KEY (`user_id`) REFERENCES `user` (`id`),
  CONSTRAINT `order_ibfk_2` FOREIGN KEY (`business_id`) REFERENCES `business` (`id`)
) ENGINE=InnoDB AUTO_INCREMENT=2 DEFAULT CHARSET=utf8;

-- ----------------------------
-- Records of order
-- ----------------------------
INSERT INTO `order` VALUES ('1', '1', '200.00', '2018-04-22', '广州市', '1', '[{\"goodsId\":95,\"goodsNumber\":1},{\"goodsId\":94,\"goodsNumber\":1},{\"goodsId\":96,\"goodsNumber\":2}]', '15555555555', '微辣哦');

-- ----------------------------
-- Table structure for t_group
-- ----------------------------
DROP TABLE IF EXISTS `t_group`;
CREATE TABLE `t_group` (
  `id` int(11) NOT NULL AUTO_INCREMENT,
  `name` varchar(255) DEFAULT NULL,
  `create_date` varchar(255) DEFAULT NULL,
  `update_date` varchar(255) DEFAULT NULL,
  `remark` varchar(255) DEFAULT NULL,
  PRIMARY KEY (`id`)
) ENGINE=InnoDB AUTO_INCREMENT=4 DEFAULT CHARSET=utf8;

-- ----------------------------
-- Records of t_group
-- ----------------------------
INSERT INTO `t_group` VALUES ('1', '管理员', '2018-03-23', '2018-03-23', '管理员组');
INSERT INTO `t_group` VALUES ('2', '商家', '2018-03-23', '2018-03-23', '商家组');
INSERT INTO `t_group` VALUES ('3', '开发测试', '2018-03-23', '2018-03-23', '开发测试组');

-- ----------------------------
-- Table structure for t_group_menu_mapping
-- ----------------------------
DROP TABLE IF EXISTS `t_group_menu_mapping`;
CREATE TABLE `t_group_menu_mapping` (
  `id` int(11) NOT NULL AUTO_INCREMENT,
  `group_id` int(11) NOT NULL,
  `menu_id` int(11) NOT NULL,
  PRIMARY KEY (`id`),
  KEY `group_id` (`group_id`),
  KEY `menu_id` (`menu_id`),
  CONSTRAINT `t_group_menu_mapping_ibfk_1` FOREIGN KEY (`group_id`) REFERENCES `t_group` (`id`),
  CONSTRAINT `t_group_menu_mapping_ibfk_2` FOREIGN KEY (`menu_id`) REFERENCES `t_menu` (`id`)
) ENGINE=InnoDB AUTO_INCREMENT=13 DEFAULT CHARSET=utf8;

-- ----------------------------
-- Records of t_group_menu_mapping
-- ----------------------------
INSERT INTO `t_group_menu_mapping` VALUES ('1', '1', '1');
INSERT INTO `t_group_menu_mapping` VALUES ('2', '1', '2');
INSERT INTO `t_group_menu_mapping` VALUES ('3', '1', '3');
INSERT INTO `t_group_menu_mapping` VALUES ('4', '1', '4');
INSERT INTO `t_group_menu_mapping` VALUES ('5', '2', '1');
INSERT INTO `t_group_menu_mapping` VALUES ('6', '2', '2');
INSERT INTO `t_group_menu_mapping` VALUES ('7', '2', '3');
INSERT INTO `t_group_menu_mapping` VALUES ('8', '2', '4');
INSERT INTO `t_group_menu_mapping` VALUES ('9', '3', '1');
INSERT INTO `t_group_menu_mapping` VALUES ('10', '3', '2');
INSERT INTO `t_group_menu_mapping` VALUES ('11', '3', '3');
INSERT INTO `t_group_menu_mapping` VALUES ('12', '3', '4');

-- ----------------------------
-- Table structure for t_menu
-- ----------------------------
DROP TABLE IF EXISTS `t_menu`;
CREATE TABLE `t_menu` (
  `id` int(11) NOT NULL AUTO_INCREMENT,
  `pid` int(11) NOT NULL COMMENT '当前菜单对应的id，即子菜单对应的父菜单id',
  `name` varchar(255) DEFAULT NULL,
  `url` varchar(255) DEFAULT '' COMMENT '当前菜单对应的在项目中的url',
  `create_date` varchar(255) DEFAULT NULL,
  `update_date` varchar(255) DEFAULT NULL,
  PRIMARY KEY (`id`),
  UNIQUE KEY `pid` (`pid`,`name`),
  UNIQUE KEY `UK_674bpad5ls7vjg10ifbgjqbhx` (`name`,`pid`)
) ENGINE=InnoDB AUTO_INCREMENT=5 DEFAULT CHARSET=utf8;

-- ----------------------------
-- Records of t_menu
-- ----------------------------
INSERT INTO `t_menu` VALUES ('1', '0', '商家管理', 'businessManager/Page.html', '2018-03-23', '2018-03-23');
INSERT INTO `t_menu` VALUES ('2', '0', '订单列表', 'orderList/Page.html', '2018-03-23', '2018-03-23');
INSERT INTO `t_menu` VALUES ('3', '0', '订单收入', 'orderIncome/Page.html', '2018-03-23', '2018-03-23');
INSERT INTO `t_menu` VALUES ('4', '0', '用户管理', 'userManager/Page.html', '2018-05-01', '2018-05-01');

-- ----------------------------
-- Table structure for t_user
-- ----------------------------
DROP TABLE IF EXISTS `t_user`;
CREATE TABLE `t_user` (
  `id` int(11) NOT NULL AUTO_INCREMENT,
  `group_id` int(11) NOT NULL,
  `username` varchar(255) NOT NULL,
  `password` varchar(255) NOT NULL,
  `name` varchar(255) DEFAULT NULL,
  `telephone` varchar(255) DEFAULT NULL,
  `email` varchar(255) DEFAULT NULL,
  `qq` varchar(255) DEFAULT NULL,
  `create_date` varchar(255) DEFAULT NULL,
  `update_date` varchar(255) DEFAULT NULL,
  PRIMARY KEY (`id`),
  UNIQUE KEY `username` (`username`),
  UNIQUE KEY `UK_jhib4legehrm4yscx9t3lirqi` (`username`),
  KEY `group_id` (`group_id`),
  CONSTRAINT `t_user_ibfk_1` FOREIGN KEY (`group_id`) REFERENCES `t_group` (`id`)
) ENGINE=InnoDB AUTO_INCREMENT=4 DEFAULT CHARSET=utf8 COMMENT='这是登录点菜系统后台的用户表，区别于点菜系统客户端的用户表';

-- ----------------------------
-- Records of t_user
-- ----------------------------
INSERT INTO `t_user` VALUES ('1', '1', 'admin', '21232f297a57a5a743894a0e4a801fc3', '管理员', '12580', 'zjbman@sina.com', '825303675', '2018-03-23', '2018-03-23');
INSERT INTO `t_user` VALUES ('2', '2', 'zhang', 'd0cd2693b3506677e4c55e91d6365bff', '商家', '12580', 'jbandxs@sina.com', '825303675', '2018-03-23', '2018-03-23');
INSERT INTO `t_user` VALUES ('3', '3', 'kaifa', 'd70c1e5d44de8a9150eb91ecff563578', '开发', '12580', '825303675@qq.com', '825303675', '2018-03-23', '2018-03-23');

-- ----------------------------
-- Table structure for user
-- ----------------------------
DROP TABLE IF EXISTS `user`;
CREATE TABLE `user` (
  `id` int(11) NOT NULL AUTO_INCREMENT,
  `username` varchar(255) NOT NULL,
  `password` varchar(255) NOT NULL,
  `name` varchar(255) DEFAULT NULL,
  `money` double DEFAULT NULL COMMENT '用户当前拥有的金额',
  `telephone` varchar(255) DEFAULT NULL,
  `email` varchar(255) DEFAULT NULL,
  `qq` varchar(255) DEFAULT NULL,
  `create_date` varchar(255) DEFAULT NULL,
  `update_date` varchar(255) DEFAULT NULL,
  `state` int(11) DEFAULT NULL,
  PRIMARY KEY (`id`),
  UNIQUE KEY `username` (`username`),
  UNIQUE KEY `UK_jhib4legehrm4yscx9t3lirqi` (`username`)
) ENGINE=InnoDB AUTO_INCREMENT=13 DEFAULT CHARSET=utf8 COMMENT='这是点菜系统客户端的用户表，区别于点菜系统后台的用户表';

-- ----------------------------
-- Records of user
-- ----------------------------
INSERT INTO `user` VALUES ('1', 'admin', 'c3284d0f94606de1fd2af172aba15bf3', '用户1', '5345', '12580', 'zjbman@sina.com', '825303675', '2018-03-23', '2018-05-06 15:10:07', '0');
INSERT INTO `user` VALUES ('2', 'zhang', 'd0cd2693b3506677e4c55e91d6365bff', '豪哥111', '124', '12580', 'jbandxs@sina.com', '8253036751', '2018-03-23', '2018-05-06 15:30:52', '1');
INSERT INTO `user` VALUES ('3', 'kaifa', 'd70c1e5d44de8a9150eb91ecff563578', '用户3', null, '12580', '825303675@qq.com', '825303675', '2018-03-23', '2018-03-23', null);
INSERT INTO `user` VALUES ('4', 'saa', '11', 'saa', null, 'gfdds\n5554\n112', '', '', '2018-05-05 00:51:13', '2018-05-05 00:51:13', '0');
INSERT INTO `user` VALUES ('6', '1', 'c4ca4238a0b923820dcc509a6f75849b', '1', null, 'q', '', '', '2018-05-05 01:32:47', '2018-05-05 01:32:47', '0');
INSERT INTO `user` VALUES ('7', '12', 'c81e728d9d4c2f636f067f89cc14862c', '12', null, 'w', '', '', '2018-05-05 01:34:00', '2018-05-05 01:34:00', '0');
INSERT INTO `user` VALUES ('8', '111', 'aaaa', 'aaa', null, 'qq', '', '', '2018-05-05 02:15:41', '2018-05-05 02:15:41', '0');
INSERT INTO `user` VALUES ('9', '121', '698d51a19d8a121ce581499d7b701668', '121', null, 'qqq\n', '', '', '2018-05-05 02:20:20', '2018-05-05 02:20:20', '0');
INSERT INTO `user` VALUES ('10', '5454', '107030ca685076c0ed5e054e2c3ed940', '5454', null, '5454', '5454', '5454', '2018-05-05 20:24:44', '2018-05-05 20:24:44', '0');
INSERT INTO `user` VALUES ('11', 'asd', 'c4ca4238a0b923820dcc509a6f75849b', 'asd', '100', 'q', '', '', '2018-05-06 15:04:03', '2018-05-06 15:04:03', '0');
INSERT INTO `user` VALUES ('12', 'zhang1', '322659af98161462aea23463d0c85468', '用户2', '100', '12580', 'jbandxs@sina.com', '825303675', '2018-05-06 15:10:29', '2018-05-06 15:10:29', '0');
